-- ============================================================
-- ローカル開発用初期データ
-- ============================================================

-- ------------------------------------------------------------
-- shops（店舗）
-- ------------------------------------------------------------
INSERT IGNORE INTO shops (id, name, introduction, particular) VALUES
('01JSHOP0000000000000000001', '珈琲工房 まめとしょ', '東京都渋谷区にある自家焙煎珈琲店。厳選されたスペシャルティコーヒーをお届けします。', 'シングルオリジンの豆を、注文後に焙煎してお届けします。'),
('01JSHOP0000000000000000002', 'CAFÉ LUMIÈRE', '京都の町家を改装した珈琲専門店。フレンチローストからライトローストまで幅広い焙煎度をご用意。', '契約農園から直接仕入れた高品質な生豆のみを使用しています。'),
('01JSHOP0000000000000000003', '豆蔵珈琲', '福岡の老舗珈琲焙煎所。創業以来変わらない焙煎技術で深みのある一杯を。', '炭火焙煎による独自の香ばしさが特徴です。');

-- ------------------------------------------------------------
-- tastes（テイスト）
-- ------------------------------------------------------------
INSERT IGNORE INTO tastes (id, name) VALUES
('01JTAST0000000000000000001', '酸味'),
('01JTAST0000000000000000002', '苦味'),
('01JTAST0000000000000000003', '甘味'),
('01JTAST0000000000000000004', 'コク'),
('01JTAST0000000000000000005', '香り');

-- ------------------------------------------------------------
-- coffee_list_groups（珈琲リストグループ）
-- ------------------------------------------------------------
INSERT IGNORE INTO coffee_list_groups (id, description) VALUES
('01JCLGR0000000000000000001', '2026年2月のおすすめ珈琲豆'),
('01JCLGR0000000000000000002', '定番珈琲豆コレクション');

-- ------------------------------------------------------------
-- coffee_beans（珈琲豆）各店舗2種ずつ
-- ------------------------------------------------------------
INSERT IGNORE INTO coffee_beans (id, shop_id, name, description, origin, farm, roast_level, processing_method) VALUES
('01JBEAN0000000000000000001', '01JSHOP0000000000000000001', 'エチオピア イルガチェフェ G1',
 '花のような華やかなフレーバーと、柑橘系の明るい酸味が特徴。クリーンカップで後味もすっきり。',
 'エチオピア', 'イルガチェフェ コチャレ地区', 'light', 'washed'),
('01JBEAN0000000000000000002', '01JSHOP0000000000000000001', 'グアテマラ アンティグア',
 'チョコレートのような甘いコクと、スパイシーな余韻。バランスの良い味わいが楽しめます。',
 'グアテマラ', 'アンティグア農園', 'city', 'fully_washed'),
('01JBEAN0000000000000000003', '01JSHOP0000000000000000002', 'ケニア AA ニエリ',
 'ブラックカラントのような濃厚な果実感と、しっかりとしたボディ。力強い味わいの一杯。',
 'ケニア', 'ニエリ地区', 'medium', 'fully_washed'),
('01JBEAN0000000000000000004', '01JSHOP0000000000000000002', 'コスタリカ ハニー',
 'はちみつのような甘みとトロピカルフルーツのフレーバー。ハニープロセスならではの複雑な味わい。',
 'コスタリカ', 'タラス地区 ラ・ミニータ農園', 'medium', 'honey'),
('01JBEAN0000000000000000005', '01JSHOP0000000000000000003', 'ブラジル サントス No.2',
 '定番のブラジル豆。ナッツのような香ばしさと、まろやかなコク。どなたでも飲みやすい一杯。',
 'ブラジル', 'サントス地区', 'city', 'natural'),
('01JBEAN0000000000000000006', '01JSHOP0000000000000000003', 'インドネシア マンデリン G1',
 '大地を思わせる深いコクと、ハーブのような独特の風味。深煎り好きにおすすめの個性派。',
 'インドネシア', 'リントン地区', 'french', 'wet_hulling');

-- ------------------------------------------------------------
-- coffee_bean_images（珈琲豆画像）
-- ------------------------------------------------------------
INSERT IGNORE INTO coffee_bean_images (id, coffee_bean_id, type, image_url) VALUES
('01JCBIM0000000000000000001', '01JBEAN0000000000000000001', 'main', 'https://placehold.jp/150x150.png'),
('01JCBIM0000000000000000002', '01JBEAN0000000000000000002', 'main', 'https://placehold.jp/150x150.png'),
('01JCBIM0000000000000000003', '01JBEAN0000000000000000003', 'main', 'https://placehold.jp/150x150.png'),
('01JCBIM0000000000000000004', '01JBEAN0000000000000000004', 'main', 'https://placehold.jp/150x150.png'),
('01JCBIM0000000000000000005', '01JBEAN0000000000000000005', 'main', 'https://placehold.jp/150x150.png'),
('01JCBIM0000000000000000006', '01JBEAN0000000000000000006', 'main', 'https://placehold.jp/150x150.png');

-- ------------------------------------------------------------
-- coffee_bean_tastes（珈琲豆テイスト評価 1〜5）
-- ------------------------------------------------------------
INSERT IGNORE INTO coffee_bean_tastes (id, coffee_bean_id, tastes_id, evaluation_value) VALUES
-- エチオピア イルガチェフェ: 酸味5, 苦味1, 甘味3, コク3, 香り5
('01JCBTA0000000000000000001', '01JBEAN0000000000000000001', '01JTAST0000000000000000001', 5),
('01JCBTA0000000000000000002', '01JBEAN0000000000000000001', '01JTAST0000000000000000002', 1),
('01JCBTA0000000000000000003', '01JBEAN0000000000000000001', '01JTAST0000000000000000003', 3),
('01JCBTA0000000000000000004', '01JBEAN0000000000000000001', '01JTAST0000000000000000004', 3),
('01JCBTA0000000000000000005', '01JBEAN0000000000000000001', '01JTAST0000000000000000005', 5),
-- グアテマラ アンティグア: 酸味3, 苦味3, 甘味4, コク4, 香り3
('01JCBTA0000000000000000006', '01JBEAN0000000000000000002', '01JTAST0000000000000000001', 3),
('01JCBTA0000000000000000007', '01JBEAN0000000000000000002', '01JTAST0000000000000000002', 3),
('01JCBTA0000000000000000008', '01JBEAN0000000000000000002', '01JTAST0000000000000000003', 4),
('01JCBTA0000000000000000009', '01JBEAN0000000000000000002', '01JTAST0000000000000000004', 4),
('01JCBTA0000000000000000010', '01JBEAN0000000000000000002', '01JTAST0000000000000000005', 3),
-- ケニア AA ニエリ: 酸味4, 苦味3, 甘味3, コク5, 香り4
('01JCBTA0000000000000000011', '01JBEAN0000000000000000003', '01JTAST0000000000000000001', 4),
('01JCBTA0000000000000000012', '01JBEAN0000000000000000003', '01JTAST0000000000000000002', 3),
('01JCBTA0000000000000000013', '01JBEAN0000000000000000003', '01JTAST0000000000000000003', 3),
('01JCBTA0000000000000000014', '01JBEAN0000000000000000003', '01JTAST0000000000000000004', 5),
('01JCBTA0000000000000000015', '01JBEAN0000000000000000003', '01JTAST0000000000000000005', 4),
-- コスタリカ ハニー: 酸味3, 苦味2, 甘味5, コク3, 香り4
('01JCBTA0000000000000000016', '01JBEAN0000000000000000004', '01JTAST0000000000000000001', 3),
('01JCBTA0000000000000000017', '01JBEAN0000000000000000004', '01JTAST0000000000000000002', 2),
('01JCBTA0000000000000000018', '01JBEAN0000000000000000004', '01JTAST0000000000000000003', 5),
('01JCBTA0000000000000000019', '01JBEAN0000000000000000004', '01JTAST0000000000000000004', 3),
('01JCBTA0000000000000000020', '01JBEAN0000000000000000004', '01JTAST0000000000000000005', 4),
-- ブラジル サントス: 酸味2, 苦味3, 甘味3, コク3, 香り3
('01JCBTA0000000000000000021', '01JBEAN0000000000000000005', '01JTAST0000000000000000001', 2),
('01JCBTA0000000000000000022', '01JBEAN0000000000000000005', '01JTAST0000000000000000002', 3),
('01JCBTA0000000000000000023', '01JBEAN0000000000000000005', '01JTAST0000000000000000003', 3),
('01JCBTA0000000000000000024', '01JBEAN0000000000000000005', '01JTAST0000000000000000004', 3),
('01JCBTA0000000000000000025', '01JBEAN0000000000000000005', '01JTAST0000000000000000005', 3),
-- インドネシア マンデリン: 酸味1, 苦味5, 甘味2, コク5, 香り4
('01JCBTA0000000000000000026', '01JBEAN0000000000000000006', '01JTAST0000000000000000001', 1),
('01JCBTA0000000000000000027', '01JBEAN0000000000000000006', '01JTAST0000000000000000002', 5),
('01JCBTA0000000000000000028', '01JBEAN0000000000000000006', '01JTAST0000000000000000003', 2),
('01JCBTA0000000000000000029', '01JBEAN0000000000000000006', '01JTAST0000000000000000004', 5),
('01JCBTA0000000000000000030', '01JBEAN0000000000000000006', '01JTAST0000000000000000005', 4);

-- ------------------------------------------------------------
-- shop_images（店舗画像）
-- ------------------------------------------------------------
INSERT IGNORE INTO shop_images (id, shop_id, type, image_url) VALUES
('01JSHIM0000000000000000001', '01JSHOP0000000000000000001', 'main', 'https://placehold.jp/150x150.png'),
('01JSHIM0000000000000000002', '01JSHOP0000000000000000002', 'main', 'https://placehold.jp/150x150.png'),
('01JSHIM0000000000000000003', '01JSHOP0000000000000000003', 'main', 'https://placehold.jp/150x150.png');

-- ------------------------------------------------------------
-- coffee_list_childs（珈琲リスト明細）
-- ------------------------------------------------------------
INSERT IGNORE INTO coffee_list_childs (id, coffee_list_group_id, coffee_bean_id) VALUES
-- 1月目の選ぶ豆のリスト
('01JCLCH0000000000000000001', '01JCLGR0000000000000000001', '01JBEAN0000000000000000001'),
('01JCLCH0000000000000000002', '01JCLGR0000000000000000001', '01JBEAN0000000000000000003'),
('01JCLCH0000000000000000003', '01JCLGR0000000000000000001', '01JBEAN0000000000000000004'),
-- 2月目の選ぶ豆のリスト
('01JCLCH0000000000000000004', '01JCLGR0000000000000000002', '01JBEAN0000000000000000002'),
('01JCLCH0000000000000000005', '01JCLGR0000000000000000002', '01JBEAN0000000000000000005'),
('01JCLCH0000000000000000006', '01JCLGR0000000000000000002', '01JBEAN0000000000000000006');
